 ,LLM_top1,LLM_top3,LLM_top5,Traj_top1_d>1m,Traj_top1_d>2m,Traj_top1_d>3m,Traj_top3_d>1m,Traj_top3_d>2m,Traj_top3_d>3m,Traj_top5_d>1m,Traj_top5_d>2m,Traj_top5_d>3m,Ours_top1_d>1m,Ours_top1_d>2m,Ours_top1_d>3m,Ours_top3_d>1m,Ours_top3_d>2m,Ours_top3_d>3m,Ours_top5_d>1m,Ours_top5_d>2m,Ours_top5_d>3m
Accuracy[%],9.454545454545455,28.727272727272723,40.18181818181818,5.186119873817034,5.288994457640539,5.164835164835164,20.296529968454262,20.95011876484561,21.2967032967033,28.384858044164034,29.36658749010293,30.2967032967033,18.018927444794954,18.32937450514648,18.30769230769231,36.10725552050473,37.70387965162312,40.252747252747255,45.123028391167196,46.81710213776722,49.51648351648352
