 ,LLM_top1,LLM_top3,LLM_top5,Traj_top1_d>1m,Traj_top1_d>2m,Traj_top1_d>3m,Traj_top3_d>1m,Traj_top3_d>2m,Traj_top3_d>3m,Traj_top5_d>1m,Traj_top5_d>2m,Traj_top5_d>3m,Ours_top1_d>1m,Ours_top1_d>2m,Ours_top1_d>3m,Ours_top3_d>1m,Ours_top3_d>2m,Ours_top3_d>3m,Ours_top5_d>1m,Ours_top5_d>2m,Ours_top5_d>3m
Accuracy[%],10.294117647058822,32.35294117647059,48.529411764705884,6.8170169144028705,6.801831262262917,7.037037037037037,23.321373654536135,24.395029431000655,25.27777777777778,34.34136340338288,36.49444081098757,38.51851851851852,19.887237314197847,20.66710268149117,21.091581868640148,43.05484366991287,46.43557880967953,51.15633672525439,54.7924141465915,58.20797907128843,62.25716928769658
